"age";"espece";"hauteur";"gui";"largeur";"enchantement";"fees";"lutins";"perlimpinpin"
5.22801692571839;"chene";219.1;0;189.633850096392;TRUE;1;0;129.009509577977
20.9421255123348;"chene";178.7;0;174.992335046475;TRUE;0;0;170.256084651513
50.6511804940777;"chene";301.8;0;320.063468494503;TRUE;0;0;153.147091585027
12.5658624452396;"chene";265.2;0;312.580299806559;FALSE;0;0;134.039900701838
0.419487022336282;"chene";109.9;0;117.730539403344;TRUE;0;0;122.314582145984
152.585838586552;"chene";287.9;0;329.749966423916;FALSE;0;0;154.588373238029
20.0934887571642;"chene";323.5;0;240.980939911713;FALSE;0;0;111.782792009335
20.4174684911625;"chene";420.9;0;552.305699593845;FALSE;0;0;122.469548976009
1.06246159296819;"chene";328.8;0;264.203999042421;FALSE;0;0;97.214581106019
28.1857957207928;"chene";199.5;0;255.810566159942;FALSE;0;0;133.869335447784
7.71507453753503;"chene";148.8;0;106.610265699007;TRUE;0;0;83.5712884262938
128.683956905004;"chene";272.4;0;337.880571719452;FALSE;0;0;138.713413031311
1.41831971833027;"chene";102.6;0;145.710258550054;FALSE;0;0;107.508636053091
21.8628624913548;"chene";224.8;0;316.231855427528;FALSE;0;0;125.330011748409
93.3310784497665;"chene";326;0;399.661466045501;TRUE;0;0;164.186426243999
2.87722697722366;"chene";226.2;0;357.35870324378;FALSE;0;0;150.52571519671
3.53837341733908;"chene";112.5;0;145.123051933069;TRUE;0;0;115.814204436679
3.7626163501324;"chene";96.6;0;146.749378620193;FALSE;0;0;116.134295878028
4.24233007076853;"chene";173.2;0;175.71633562923;TRUE;0;0;133.550442529643
40.1267149529289;"chene";243.6;0;289.420429374841;FALSE;0;0;123.046438477204
0.958270859459404;"chene";585.8;0;792.645835432959;FALSE;0;0;124.135230418978
8.14570596271408;"chene";354;0;309.296914887864;FALSE;0;0;107.764725523255
30.3036396056407;"chene";153.4;0;192.899687227531;FALSE;0;0;116.727536854879
1.87826062372309;"chene";121.8;0;167.11580060386;FALSE;2;0;133.004172256926
2854.45612622264;"chene";289.4;3;293.834298755498;TRUE;0;0;134.617616692374
24.3684615652428;"chene";323;0;424.60300184783;FALSE;0;0;110.915620034092
3.40273859767405;"chene";122.2;0;186.658647004259;FALSE;0;0;97.844327243563
10.3769176083717;"chene";215;0;290.795124001512;TRUE;0;0;159.765370117707
14.4610800049036;"chene";154.3;0;163.570984204446;TRUE;0;0;124.966558342764
37.7264484540052;"chene";184.7;0;235.083815339389;TRUE;0;0;94.0377363117773
5.06542411601288;"chene";167.8;0;199.695355056348;FALSE;0;0;106.575773361495
4.48689806961451;"chene";185.3;0;199.818054518537;FALSE;0;0;146.491117902442
0.290187138498049;"chene";99.7;0;109.610261888353;TRUE;0;0;126.138239424442
53.8849262696455;"chene";297.4;0;292.483257865695;TRUE;0;0;138.685731065862
2.56379148209116;"chene";242.9;0;304.027431769915;FALSE;0;0;141.358930922274
87.0260617014258;"chene";203.1;0;216.669345988237;FALSE;0;0;103.612621230773
33.5007258078175;"chene";277.8;0;269.339897277105;TRUE;0;0;136.598098711438
2197.17043167467;"chene";406.7;2;511.972178955828;FALSE;1;82;108.32914846489
1.70737223393083;"chene";390.7;0;499.730745136132;TRUE;0;0;126.441215366857
0.549503507484184;"chene";82.1;0;64.0600258396013;TRUE;1;0;139.951902844152
21.2073379855747;"chene";206;0;285.506393487326;FALSE;0;0;122.949390936513
55.6329703960499;"chene";337.8;0;393.422428254149;TRUE;0;0;150.600201610024
25.5801426955185;"chene";353.1;0;546.139267147099;FALSE;0;0;130.144775483284
46.8370365086432;"chene";152.2;0;205.649228213538;FALSE;0;0;122.448962835343
2.87167087482031;"chene";137;0;121.639177764212;FALSE;0;0;104.564805476973
7.10480152414244;"chene";193.2;0;257.961033599324;TRUE;0;0;139.607923137784
44.8713434595568;"chene";261.5;0;348.292202790964;FALSE;0;0;105.907427431495
17.1083184926956;"chene";222.2;0;323.897839995813;FALSE;0;0;106.692789523336
0.184244079301838;"chene";190.7;0;207.630528617385;TRUE;0;0;92.2009480817445
38.7805680045852;"chene";205.8;5;267.618305581843;FALSE;0;27;107.017561976071
5.05970501540624;"chene";95.7;0;131.050155454918;FALSE;0;0;118.753663789483
18.9815576541572;"chene";159.7;0;179.791472531765;FALSE;0;0;120.215041221345
0.355870865737663;"chene";102.2;0;162.447928525189;FALSE;0;0;87.1362129908513
19.8967287195917;"chene";157.4;0;206.915940317162;FALSE;0;0;120.813528229326
4.38630480095147;"chene";135.6;0;132.969760822967;FALSE;0;0;111.361854612842
4.59030287186087;"chene";190.1;0;191.971301720746;FALSE;1;0;98.4560814269529
17.1461984522929;"chene";265;0;337.745986745838;FALSE;0;0;93.3262190574164
19.7177492601438;"chene";309.5;0;368.310371283379;FALSE;0;0;151.246751037306
73.190723885031;"chene";365.4;0;462.26045185625;FALSE;0;0;131.201120806458
10.950297339209;"chene";287.1;2;329.131059977752;FALSE;0;0;130.775215856563
14.8273382119057;"chene";335.4;0;404.93646274283;FALSE;0;0;86.0726474555756
24.2755326400958;"chene";196.9;0;245.166587974779;FALSE;0;0;100.704933002335
113.358474615755;"chene";235.5;0;299.25914547984;FALSE;0;0;148.35020727927
38.8377906500823;"chene";145.3;0;217.847804621679;FALSE;0;0;117.837270061173
5.34439483889384;"chene";144;0;199.971718323868;FALSE;0;0;127.815569427534
147.894981508025;"chene";365.7;0;398.620728371436;TRUE;1;0;180.738449823992
46.5293538025908;"chene";178.8;0;183.3024435104;FALSE;0;0;110.93446334739
2.33400839996504;"chene";103.8;0;140.208882645052;FALSE;0;0;92.31654015666
63.6674330201092;"chene";278.4;0;301.789854535287;FALSE;0;0;109.450638209223
0.530392675041927;"chene";209.7;0;263.425777622813;FALSE;0;0;120.042941955248
1.05250047208506;"chene";119.4;0;153.364700870544;FALSE;0;0;141.404588495
60.4441044062292;"chene";197.4;0;225.733427119092;FALSE;0;0;107.259253240792
0.449981966129771;"chene";146.1;0;174.250138541554;FALSE;0;0;102.432223034786
1.78327878511501;"chene";189.7;0;165.213628755701;FALSE;0;0;140.694647194767
5.13470934040786;"chene";149.5;0;176.14300876153;FALSE;0;0;91.7998951598072
62.3768371883457;"chene";227.1;0;321.587911436855;FALSE;0;0;113.141852174648
2.93707344849924;"chene";174.2;0;237.170434752723;FALSE;0;0;128.304268663769
20.7677464404317;"chene";297;0;417.347156721487;FALSE;0;0;117.309072440074
403.688343499579;"chene";236.8;0;296.89212748203;TRUE;0;0;115.803473012279
0.474198356393829;"chene";117.8;0;137.02891095303;FALSE;0;0;111.853532784952
154.530892479383;"chene";297.2;0;379.757035340812;TRUE;0;0;131.024101403671
99.4833702349223;"chene";333.3;0;369.728888329156;FALSE;0;0;135.855452523257
38.7464539823878;"chene";183.9;0;207.646918436732;TRUE;1;0;141.17043050736
18.599087587343;"chene";236.6;0;229.423205694085;FALSE;0;0;151.408927178462
3.53932777684884;"chene";143.8;0;204.084125316845;FALSE;7;0;81.7322833281371
0.845560629967006;"chene";192.6;0;280.897472367879;FALSE;0;0;129.236313022464
22.0515476869898;"chene";360.8;0;343.178260145475;TRUE;0;0;151.574561927799
354.328970496228;"chene";252.8;0;391.945803198523;TRUE;0;0;140.216867770644
135.511734523078;"chene";288.3;0;391.359744794385;FALSE;0;0;141.455486407242
31.0483179126038;"chene";293.7;0;241.96807379499;FALSE;2;0;120.019958215252
6.19062307281988;"chene";107.5;0;117.971174109146;FALSE;0;0;138.619470385076
7.80192613751469;"chene";202.2;0;210.843445372669;FALSE;0;0;106.782757826542
83.6699751483616;"chene";201.4;0;231.605963392333;TRUE;0;0;156.849649522929
5.93972837603424;"chene";227.3;0;397.887198099629;TRUE;0;0;148.430766375885
40.272743637347;"chene";173.5;0;184.090047176946;TRUE;0;0;116.19860375028
2.25993402303564;"chene";268.6;0;256.462572258626;TRUE;0;0;124.520915249026
2289.93830450505;"chene";468.7;2;526.204441429078;TRUE;0;3;170.560727523008
0.475571909318841;"chene";108.5;0;107.883891777412;TRUE;0;0;108.557371287664
5.02751070270441;"chene";239.9;0;277.703529030962;FALSE;0;0;147.764198890916
291.547890236997;"chene";207.1;0;260.576652133507;TRUE;3;0;111.615163817425
2.03578524218187;"chene";339.4;0;450.295230776577;FALSE;0;0;162.621663982979
25.618169248699;"chene";183.6;0;317.186356924438;FALSE;0;0;118.776489335684
16.7555290432012;"chene";236.7;1;342.547559152984;TRUE;0;0;122.138622746549
50.5885102893828;"chene";339.4;0;469.587656035326;TRUE;0;0;153.68998930017
121.271185817751;"chene";330.4;0;337.610987552066;TRUE;0;0;164.608873488987
31.5478812621265;"chene";179;0;171.51886323177;FALSE;0;0;126.934379514567
0.0663400215761792;"chene";125.2;0;180.984879107531;TRUE;4;0;96.8730942733373
12.2870387084293;"chene";298.4;0;333.48929943669;FALSE;0;0;107.884581951609
182.936521370253;"chene";337.3;0;374.33971456315;FALSE;0;0;137.837216754706
45.5508730582555;"chene";143;0;169.117511890898;FALSE;0;0;104.127620083813
154.78555881932;"chene";304.5;0;291.90612709047;FALSE;0;0;103.637219072975
0.270691530780808;"chene";59.1;0;84.7489021868113;FALSE;0;0;113.720933219812
35.7566932272555;"chene";179.8;0;137.448175104923;TRUE;0;0;133.199766908956
6.2193035870139;"chene";168.8;0;125.19066625349;FALSE;0;0;148.591750937245
12.5327097108761;"chene";146.7;0;103.213085812698;FALSE;4;0;115.998036337503
7.18981057151696;"chene";236.6;1;239.415079348661;FALSE;0;0;118.824453909033
116.845477994455;"chene";342.3;1;497.72998512817;FALSE;0;2;136.375921130234
16.5134700772147;"chene";139.1;0;166.036978685585;TRUE;0;0;122.379694011668
2.84676950168873;"chene";153.6;0;171.54431764071;FALSE;0;0;136.71961517719
5.48683310561968;"chene";228.5;0;263.203340432814;FALSE;0;0;93.8861324750255
51.9927736463241;"chene";199.2;1;304.754226090678;FALSE;1;0;79.2733620027912
80.9987746155197;"chene";209.3;0;286.052256849932;TRUE;0;0;128.885823958618
9.49297619339869;"chene";160.6;0;214.913721474186;FALSE;0;0;93.951903185248
3.24080099475922;"chene";150.3;0;178.24064198754;TRUE;4;0;158.08259264329
274.488491575303;"chene";287.9;0;357.229939055743;FALSE;0;0;113.327798051785
1.49601046956959;"chene";151.5;0;175.00471279336;FALSE;0;0;108.530500503941
12.9300812237947;"chene";147.8;0;185.452935976267;FALSE;0;0;76.3511623052924
132.796989400285;"chene";152.5;0;113.473956961521;FALSE;3;0;83.4307434708551
10.7961408729945;"chene";241.1;0;302.703735386605;FALSE;0;0;119.359417436249
0.875921039922225;"chene";138.7;0;130.218600712867;TRUE;11;0;138.190201772166
0.418642028906923;"chene";55.8;0;41.9110768095337;FALSE;0;0;97.1594212520729
15.8402713060989;"chene";171.3;0;248.876353901166;TRUE;0;0;109.416216284725
30.0982312048017;"chene";203.4;0;270.95441605298;TRUE;0;0;87.6442760823712
5.34673822621795;"chene";240.9;0;244.115628163471;TRUE;22;0;140.172336748827
1.66856611620268;"chene";138.7;0;149.271007081805;FALSE;0;0;91.954894304234
0.498564294706938;"chene";139.1;0;197.934866580968;FALSE;0;0;109.0111898257
5.01977787780184;"chene";82.5;0;86.3026080389488;FALSE;0;0;101.077241084349
2.63252914042977;"chene";328.8;0;454.153445217028;FALSE;0;0;106.795911032386
10.4774397541194;"chene";160;0;211.25677092749;FALSE;0;0;94.0195968565889
3.1460656570525;"chene";142.2;0;172.709491131056;FALSE;0;0;103.877317417591
10.4048148398559;"chene";221.9;0;175.425505690982;FALSE;0;0;105.607953522739
4.99630148145362;"chene";149.7;0;148.944088365498;FALSE;0;0;119.670250349308
18.5138574530137;"chene";170.6;0;196.978888860632;TRUE;0;0;138.282059748308
0.613001484758535;"chene";300.5;0;300.341183125799;TRUE;0;0;150.877100890921
9.70152568674856;"chene";220.7;0;278.669920098094;FALSE;0;0;102.07305919841
40.9493165909884;"chene";265.6;0;258.641951335186;FALSE;0;0;111.839126039972
72.8569356818416;"chene";325.3;0;421.377148615669;FALSE;0;0;140.880578704365
1851.18592504859;"chene";390.4;2;434.445075347949;TRUE;0;3;139.38931594921
84.6836877532654;"chene";203;0;226.104311980942;FALSE;0;0;106.981622220099
18.6644141439592;"chene";136.8;0;176.613008287124;FALSE;0;0;130.567855927357
1.78300912279939;"chene";198.3;0;258.594629743895;FALSE;0;0;122.800644824107
0.545657613341083;"chene";93.5;0;92.8012910455705;FALSE;0;0;153.170181035308
8.36842323521742;"chene";173.8;2;173.871527690216;FALSE;0;0;101.091860619715
10.1890090913992;"chene";113.9;0;186.475234324341;FALSE;0;0;139.656563599225
10.86566500234;"chene";257.9;0;377.255384612518;TRUE;0;0;163.112465862042
13.0568421383078;"chene";468.9;0;527.851067898431;FALSE;0;0;122.715244993838
3.67464958759383;"chene";367.4;0;545.702685979832;FALSE;0;0;110.823473834275
1.09165083195534;"chene";215.7;0;281.027828227618;FALSE;0;0;84.8300828507653
0.252138762325276;"chene";211.5;0;251.494122482863;TRUE;11;0;124.045510141159
738.929334035827;"chene";236.6;1;257.880250038091;FALSE;0;0;95.6328822731365
598.895599185151;"chene";322.3;1;300.002325685653;FALSE;0;0;104.749852654612
4.87967401578055;"chene";265.6;0;419.125598917794;FALSE;0;0;81.0938248658238
45.6344973195267;"chene";241.2;0;298.55342606373;TRUE;0;0;127.795045232362
1.84099337240187;"chene";99.3;0;134.122005143562;FALSE;0;0;99.543298546644
0.907792088112927;"chene";69.4;0;53.8345111212458;FALSE;2;0;81.5406097596153
127.969452431756;"chene";212.5;0;305.804649146663;TRUE;0;0;111.670047295697
63.7638812560558;"chene";150;0;165.877748870391;TRUE;0;0;115.283415846777
0.78565217088029;"chene";65.3;0;102.262647606235;TRUE;0;0;134.606956796366
135.269026045806;"chene";272.6;0;399.497954031066;TRUE;0;0;179.004679915357
114.723477633074;"chene";330.6;0;483.098772269747;TRUE;0;0;150.265162547102
52.4489412035435;"chene";247.8;0;261.144478888205;FALSE;0;0;112.504782086002
93.0354240939434;"chene";195.7;0;309.291072509357;FALSE;0;0;118.956519994707
1.5927474523618;"chene";306;0;356.387731288662;FALSE;0;0;140.726692008228
41.7297679059917;"chene";339.2;0;501.776883059898;TRUE;0;0;123.030355051754
8.08851480799721;"chene";180.4;0;202.687945812833;FALSE;0;0;123.933670556671
21.04028735354;"chene";167.6;0;206.963721056909;FALSE;0;0;110.248531671057
1.42525055675261;"chene";77.2;0;88.5575179622222;TRUE;0;0;156.921662524246
0.134898692809153;"chene";107.8;0;125.371970653112;FALSE;0;0;120.369025713013
12.9383381216505;"chene";177.5;0;197.354494243144;FALSE;5;0;86.4305375401107
0.660546080225529;"chene";75.4;0;84.5627024706693;TRUE;0;0;97.9470330040128
6.2383958632192;"chene";145.2;0;176.02052710828;TRUE;0;0;130.46101992845
18.8210773316811;"chene";206.5;0;309.031017915825;FALSE;0;0;156.263527819583
0.414616358780145;"chene";280.2;0;318.209976100522;FALSE;0;0;96.0851668145871
55.9040514772561;"chene";178.5;0;233.598474807824;FALSE;0;0;109.568202879054
17.7960341431703;"chene";238.6;1;292.69933765839;TRUE;0;1;160.844210401049
16.5936602680777;"chene";156.4;0;156.743315354781;FALSE;0;0;120.383824321281
6.16601321400909;"chene";133;0;186.954393060645;FALSE;0;0;152.488274017833
0.114066660901777;"chene";441.2;0;336.396405985582;FALSE;1;0;117.75721389909
225.306333364148;"chene";440.1;0;564.824219623994;FALSE;0;0;155.118456342125
1.32469818518812;"chene";123;0;111.703160890945;FALSE;0;0;96.0600984570165
0.316697511175824;"chene";83.2;0;117.768458699035;FALSE;0;0;111.947818380348
2.48853131780427;"chene";254.4;0;261.551303181548;TRUE;0;0;110.913348312286
1.15303238760283;"chene";102;0;124.451581139453;FALSE;0;0;139.99139667696
5.09319098054184;"chene";282.4;0;302.345983120699;FALSE;0;0;118.121467995005
6.67812394928346;"chene";140.2;0;186.158506001655;TRUE;0;0;144.123504665226
0.175024946592591;"chene";59.2;0;67.1753877716348;FALSE;0;0;87.3591026657784
17.9863677025457;"chene";191.4;0;213.962532243744;FALSE;0;0;83.1546669789228
234.825469147282;"chene";201.1;0;210.102097650004;TRUE;0;0;122.875636828791
1.88900209833931;"chene";272.2;1;318.786936980339;FALSE;0;0;110.638818113311
31.2312438985781;"chene";157.9;0;196.54332681933;FALSE;0;0;118.035516254217
21.6322583850889;"chene";178.1;0;236.568897162355;FALSE;0;0;129.024195870502
2.82652897259272;"chene";186.1;0;219.526977027676;TRUE;0;0;172.569045738852
0.237316655382195;"chene";78.1;1;108.735023855039;TRUE;0;0;101.524468818549
7.97268070080826;"chene";237.9;0;228.926313581272;FALSE;2;0;97.6780701220399
0.521019547770384;"chene";160.7;0;133.836168363357;FALSE;0;0;97.4060870161552
4.81023176126097;"chene";192.3;0;204.000937623508;FALSE;0;0;112.663790406198
25.8877082109742;"chene";174.2;0;209.203951026696;FALSE;0;0;155.081570098838
14.264440400559;"chene";194.5;0;227.699807273459;TRUE;0;0;111.323167354403
1.17572623958653;"chene";132.2;0;145.626900916983;FALSE;1;0;124.920305787295
15.9415427280974;"chene";168.1;0;189.412715278588;FALSE;1;0;140.457893303999
2.17441041658161;"chene";324.6;0;293.413190045888;TRUE;0;0;170.796019553548
0.505978531574127;"chene";119.4;0;122.023039997804;FALSE;0;0;133.29980860077
36.1283013486784;"chene";235.7;0;232.025040592181;FALSE;0;0;104.94078616822
36.8423430074627;"chene";119.5;0;144.25180371524;FALSE;0;0;93.6966878554161
5.46692241099683;"chene";174.5;0;248.558686760375;FALSE;0;0;96.6057102390774
2.1100223395639;"chene";244.6;0;331.577221030004;TRUE;0;0;126.038493689766
226.213891437644;"chene";260;0;338.994402501786;FALSE;0;0;118.216820696248
284.015892499263;"chene";194.8;0;225.355173191247;TRUE;0;0;89.1747446699858
14.092205568501;"chene";527.5;0;628.682014441542;FALSE;0;0;126.396297740627
46.122843690115;"chene";171.7;0;190.500366773254;TRUE;0;0;140.76097441193
0.829289057405162;"chene";165.5;0;227.015788072766;FALSE;0;0;90.968876197121
180.281730154553;"chene";163.2;0;156.833811722861;TRUE;0;0;116.530442551786
8.8147189979015;"chene";268.5;0;291.646374560677;TRUE;1;0;149.059703895997
5.30494187360533;"chene";458.5;0;599.170832891772;FALSE;1;0;151.4981339632
0.766745279515534;"chene";115.8;0;143.360082841608;FALSE;0;0;120.235161160886
35.0443616981023;"chene";254.9;0;327.837108334163;TRUE;0;0;147.677371087917
2.26887951288646;"chene";125.9;1;183.588529729179;FALSE;1;0;95.6697829967452
20.9029731647158;"chene";253.5;0;364.951538963134;FALSE;0;0;120.600237757455
200.466787574358;"chene";297.5;0;340.578517171711;TRUE;0;0;129.580787017272
48.8882392998798;"chene";275.3;0;319.235367526936;FALSE;0;0;168.228719371127
125.452325035565;"chene";197.1;0;174.732022492763;TRUE;5;0;128.081257147831
3.01686430620806;"chene";453.1;0;606.060946805491;FALSE;1;0;124.911769049403
72.8173978338701;"chene";182.3;0;169.485815601536;FALSE;0;0;118.140684115364
28.4451587801648;"chene";145.9;0;121.049311320543;FALSE;0;0;97.673384863039
11.1567048826913;"chene";201.7;0;233.191557656266;TRUE;0;0;113.911225514757
5.70166644064388;"chene";115;0;99.1462634409915;TRUE;0;0;148.409948412453
0.918489102192708;"chene";134.4;0;160.913433929467;FALSE;1;0;119.202387838615
20.306016541345;"chene";244.5;0;355.785562309994;FALSE;0;0;135.550450519156
767.295661517179;"chene";243.4;1;272.20867576018;TRUE;0;2;149.8471030112
2367.8686114032;"chene";288.8;2;422.179334871252;TRUE;0;1;111.177874298653
64.9448905258125;"chene";190.5;0;271.908793430321;FALSE;0;0;77.8200379021731
1.14820474486025;"chene";244.4;0;273.522344551073;FALSE;1;0;80.3033741443436
55.6958492090135;"chene";188.8;0;183.058161768603;TRUE;1;0;139.118357814683
2.66037989978448;"chene";262.5;0;329.375294843491;FALSE;0;0;156.795034854607
1275.74332439111;"chene";233.3;1;331.118470723094;TRUE;0;0;149.255540491551
1828.92026970631;"chene";277.5;2;340.97689910254;TRUE;0;0;139.926893233797
4.55082507662169;"chene";184.9;0;201.8464097005;FALSE;0;0;91.4476499492071
9.22644431270247;"chene";332.7;0;421.315263462496;TRUE;0;0;156.753875805458
35.6743262003025;"chene";199.7;0;239.576588687901;FALSE;0;0;110.217756094202
228.393283372933;"chene";299.6;0;380.04013791991;TRUE;0;0;127.609557685186
327.110725254385;"chene";372.4;0;523.855947865201;TRUE;0;0;130.350121192931
2.11246771739745;"chene";330.8;0;396.475516420852;FALSE;0;0;135.212948830573
131.589671705545;"chene";373;0;307.977403619357;TRUE;0;0;177.329565906368
124.858426305262;"chene";337.4;0;538.748129352451;FALSE;0;0;123.536489542526
84.7739493295539;"chene";192.6;0;319.916729075327;FALSE;0;0;109.760419580834
8.33436626567562;"chene";214.2;0;226.293453631503;FALSE;0;0;90.609040966989
197.303091404614;"chene";184.4;0;239.374162495705;TRUE;0;0;185.407547991689
8.66396927644575;"chene";165.2;0;204.277760724764;FALSE;0;0;90.1369288026399
0.221576498869953;"chene";7.9;0;9.08666338129015;FALSE;0;0;93.820961535472
9.49320374724756;"chene";203;2;215.476242546029;FALSE;0;0;130.041293298987
22.8254434025513;"chene";198.3;0;205.50109205531;FALSE;0;0;140.246236801374
28.9883436496798;"chene";352.3;0;345.067278277304;FALSE;0;0;115.193710382594
41.3816459556587;"chene";156.9;0;179.780761421887;TRUE;2;0;107.360470261046
113.806748628055;"chene";256.6;0;341.209383418259;TRUE;1;0;123.755202448799
1.38264496174824;"chene";272.8;0;246.658706274008;FALSE;0;0;90.5961567218709
291.593848445174;"chene";348;0;383.94878520154;TRUE;0;0;148.745876570484
0.708372378281355;"chene";169.1;0;236.689203545157;TRUE;2;0;158.573364695274
16.0665844622693;"chene";245.2;0;224.667657674241;FALSE;0;0;104.994078358846
0.449947308624788;"chene";61.7;0;76.6914356751381;FALSE;0;0;73.8886073352357
123.555831278656;"chene";227.2;0;261.188462170552;FALSE;0;0;142.957300891231
3.60019018159802;"chene";167.3;0;230.764581618805;TRUE;0;0;105.731958111329
4.15037639754562;"chene";239.2;0;290.388009196438;FALSE;0;0;141.359206807762
71.860402203497;"chene";262;0;224.718563158269;TRUE;0;0;113.615673912555
9.09196517645293;"chene";154.8;0;191.697228802294;TRUE;0;0;116.838048369376
26.6546760850949;"chene";231.7;0;274.616916752037;TRUE;0;0;163.254291723529
4.11585758500039;"chene";407;0;526.840170474417;FALSE;0;0;120.503061021889
3.3384809480604;"chene";261.5;0;271.149182211301;FALSE;0;0;115.376452521183
2.23513792936761;"chene";125.3;0;155.144759628714;TRUE;0;0;143.646861340403
1.53196310632086;"chene";129.4;0;191.068967173456;FALSE;0;0;133.490954354721
1.89263446593051;"chene";367;0;524.157500617507;FALSE;0;0;141.962535463744
65.6720533385143;"chene";196.8;0;253.275714671944;FALSE;0;0;101.18115372447
21.4360507250313;"chene";175.3;0;226.351998083008;FALSE;0;0;173.826134779846
14.619104414564;"chene";161;0;164.216564075647;FALSE;0;0;98.5757443947413
1209.9075216113;"chene";476.7;1;677.043152446993;FALSE;0;17;132.040307882281
6.9816364581398;"chene";260.7;0;297.718667951687;TRUE;0;0;128.063679729697
10.6324051056551;"chene";128.2;0;142.338133071231;FALSE;0;0;117.500255255221
58.5809269016792;"chene";180.1;0;258.145173991704;FALSE;0;0;127.939338949602
6.81921621298469;"chene";164.6;0;161.83325535804;FALSE;0;0;128.766323454598
92.3785305014476;"chene";219.9;0;328.542400729753;TRUE;0;0;169.605337880337
10.8230484447031;"chene";108.7;1;134.706797450104;FALSE;0;0;91.5636010127691
1.5373681148258;"chene";72.6;0;81.2944447690042;FALSE;0;0;101.643020699648
5.11797036097278;"chene";261.9;0;272.937247610545;FALSE;0;0;154.224982751261
158.330666030227;"chene";539.2;0;766.14510265787;FALSE;0;0;126.569687376315
0.198885633802602;"chene";167.4;0;165.025148779659;TRUE;5;0;122.698564483057
34.6224545278798;"chene";325.4;0;312.866180612589;TRUE;0;0;143.354884988042
28.1316235205344;"chene";244.3;0;241.713890900629;FALSE;0;0;100.227827425149
3.26784820546085;"chene";91.5;0;72.0589840240015;TRUE;2;0;166.848521214235
7.16739584300579;"chene";87;1;130.2544129623;FALSE;0;0;77.2172202518505
270.388067076236;"chene";231;0;396.762700786967;TRUE;0;0;136.195782552886
0.160153487000542;"chene";271.5;0;307.888616843412;TRUE;0;0;163.987250786057
0.388355843147133;"chene";182.8;0;172.757466396879;FALSE;0;0;117.376753559293
1.16028498392298;"chene";105.8;0;109.439932931805;FALSE;1;0;77.2761413641364
1.87812271917798;"chene";59.3;0;61.6112856795366;FALSE;0;0;106.820984589275
187.300153406466;"chene";244.6;0;335.753829333945;TRUE;0;0;152.018846562082
21.1561780146785;"chene";97.2;0;103.247956266673;TRUE;0;0;148.049671224823
692.179438132682;"chene";358.4;4;526.78683057907;TRUE;0;0;130.088067510873
0.145339560164216;"chene";87;0;84.7578060248213;FALSE;0;0;150.118972803528
0.868419214902607;"chene";82.5;0;97.847120930441;FALSE;1;0;141.827989473881
70.3148076682112;"chene";284;0;380.415929690414;FALSE;0;0;88.4262657470942
4.33232255937784;"chene";87.6;0;108.146463136135;TRUE;0;0;114.166383953538
1.09011495697917;"chene";196.6;0;161.176713816685;FALSE;0;0;133.193935445559
0.380146105804338;"chene";82.3;0;94.0403189208038;FALSE;0;0;119.710631034142
135.945976199002;"chene";320.8;0;362.505079603075;FALSE;0;0;144.413532584521
0.26929344962932;"chene";55.4;0;83.0231069927072;FALSE;0;0;80.7472670477065
24.0357556435779;"chene";282.2;0;382.717115975691;FALSE;0;0;124.468675433181
0.579112782777839;"chene";97.3;0;87.6692147972608;FALSE;0;0;120.289922192298
4.70125637429215;"chene";202.9;0;204.637251492509;TRUE;0;0;107.182093883897
11.7949402839854;"chene";144.5;0;153.340285478557;FALSE;0;0;110.482737582579
82.0613290818629;"chene";264;0;274.955060648732;FALSE;0;0;91.2874910438374
1.23448745369445;"chene";335.3;0;400.622464179766;FALSE;0;0;127.003118576589
1.30516272057919;"chene";143;0;154.783691326013;FALSE;0;0;73.292370538403
5.91212483723342;"chene";164.7;0;222.35018446409;TRUE;0;0;131.21675365206
3.54633337882563;"chene";108.8;0;153.760911260302;FALSE;1;0;102.223243731384
19.4618243577631;"chene";327.5;0;407.870589737307;FALSE;0;0;108.172565392253
1.00495940401835;"chene";361.9;0;341.941934218718;FALSE;0;0;112.193787608874
1.76051103610853;"chene";79.5;0;104.609309491564;FALSE;0;0;83.4541637270766
4.90982609603874;"chene";194;0;197.624485333331;FALSE;0;0;113.588272431002
394.44783901925;"chene";311.7;0;150.971201921348;FALSE;0;0;116.248662468395
2.49131803448375;"chene";151.5;0;148.290883294689;FALSE;0;0;102.221372585482
44.6499088871881;"chene";163.2;0;230.761843759291;FALSE;1;0;116.924342732408
38.5530291345513;"chene";368.1;0;570.086897289529;FALSE;0;0;118.115968971987
1.76647480269156;"chene";128.8;0;144.827206534001;TRUE;0;0;151.020063614597
211.830605971398;"chene";299.2;0;352.143576640703;TRUE;0;0;99.9740568829029
56.121358089011;"chene";164.4;0;232.823123511798;FALSE;0;0;105.34432019174
7.09533670357431;"chene";296.2;0;326.22171286083;FALSE;0;0;113.384487086859
4.8627351465656;"chene";131.4;0;145.045770563929;FALSE;0;0;137.841868080049
19.1213913199754;"chene";187.1;0;143.306473477385;FALSE;0;0;118.483847418761
52.5881232500671;"chene";211.7;0;259.171367372769;FALSE;0;0;133.569833109257
22.2458623521052;"chene";372.7;0;375.600726259394;FALSE;0;0;121.030785924827
4.05321641662294;"chene";189.7;0;258.496862487188;FALSE;0;0;104.465927186209
3.87469515025705;"chene";255.7;0;322.568001417218;FALSE;0;0;106.790177303814
723.538608397903;"chene";294.7;1;338.882661789763;TRUE;0;0;142.743965963928
37.1127440088751;"chene";255.5;1;283.120816474065;FALSE;0;0;111.939197945744
164.228205992451;"chene";219.9;0;226.663321964596;TRUE;0;0;144.171574993535
26.1963554414096;"chene";253.6;2;297.888628676637;FALSE;0;2;136.625598776619
3.25606361508804;"chene";104.5;0;91.0780693948439;FALSE;0;0;109.81682155069
624.50139394359;"chene";259.2;1;333.11921448631;TRUE;0;0;138.151561049236
1.7574492594869;"chene";109.6;1;93.118626300077;FALSE;0;0;124.135513328076
149.303123555783;"chene";281.2;0;407.09469772998;TRUE;0;0;115.008420488913
1.23279677814983;"chene";263.9;0;293.081115710339;FALSE;0;0;120.718128537941
4.49752785586211;"chene";292.6;1;362.392477968835;FALSE;0;0;140.68141929852
0.548945384907241;"hetre";167.6;0;112.134210676475;TRUE;0;0;102.050854519608
10.7096088528862;"hetre";335.4;0;421.305313576223;FALSE;0;0;79.9702397496208
3.36669182964616;"hetre";123.1;0;116.156057404858;FALSE;0;0;103.307760991956
1.55261799272094;"hetre";192.6;0;189.688520083635;FALSE;0;0;142.443180742294
20.0445900635393;"hetre";306.7;0;380.110975580839;FALSE;1;0;142.72719695042
18.3372606841718;"hetre";212.4;0;178.577908633886;FALSE;0;0;98.2022554432189
7.53648209356303;"hetre";113.5;0;80.2019946982599;FALSE;0;0;120.80214707891
7.0857569812679;"hetre";244.4;0;186.261486497995;FALSE;0;0;129.213582571071
35.0326911406644;"hetre";584;0;680.015415351688;TRUE;0;0;149.494467052285
17.1189758489182;"hetre";165.8;0;139.418263101395;FALSE;0;0;106.428728117994
254.101627172972;"hetre";155.7;0;130.242862299549;FALSE;0;0;128.053135251611
0.79305477201557;"hetre";111.1;0;78.0023279948604;FALSE;0;0;126.950579257411
24.3324889436007;"hetre";254.2;0;287.824129842627;FALSE;0;0;142.273337356651
10.1924794847829;"hetre";190.3;0;197.533044017305;FALSE;0;0;84.4055728045878
329.646909026152;"hetre";224.3;0;146.774450684415;FALSE;0;0;112.157249748231
2.80927357041741;"hetre";169.6;0;143.173476487949;FALSE;0;0;108.811403950705
45.1293282805949;"hetre";184.3;0;193.242283072253;TRUE;0;0;133.045283785073
87.0445710212668;"hetre";521.8;0;670.842906311811;FALSE;0;0;139.093215676439
3.27163695637267;"hetre";283.4;0;205.527271830399;FALSE;0;0;82.898114694824
3.8893830498499;"hetre";332.4;0;314.872269625461;FALSE;0;0;98.0437251962921
3.94673926370673;"hetre";161.2;0;133.297584261845;FALSE;0;0;141.573375688317
32.4599190217066;"hetre";219.4;0;175.731304561562;FALSE;0;0;107.00031930032
1.9099284077551;"hetre";320.6;0;285.019329283805;FALSE;0;0;92.0572629745211
2.46914445628294;"hetre";158.5;0;202.62658584202;FALSE;0;0;109.604925529036
0.808091713049524;"hetre";100.2;0;92.7528058826569;FALSE;0;0;76.7567051835071
27.7094077940298;"hetre";308;0;274.506123093161;FALSE;0;0;119.565737195741
186.541919126072;"hetre";309.1;0;286.177635017339;FALSE;0;0;152.860513474763
7.24707386075479;"hetre";167.5;0;143.769210302786;TRUE;0;0;85.496362294849
24.4937176730575;"hetre";186.3;0;148.499548971844;FALSE;0;0;142.399098680017
0.804682324698086;"hetre";68.1;0;74.9277518763067;FALSE;0;0;115.957732498707
194.503654780946;"hetre";160;0;187.847554050092;FALSE;0;0;99.4818470711966
271.127345345026;"hetre";228.5;0;186.988148570068;FALSE;1;0;99.9579190355201
24.5809577757924;"hetre";139.8;0;111.314189157032;FALSE;0;0;100.016153881765
4.06904685153483;"hetre";204.5;0;226.23348067241;FALSE;0;0;141.494433650334
30.8713080650052;"hetre";275.8;0;220.985741878319;FALSE;0;0;134.350054309819
10.1504474280156;"hetre";113.5;0;122.441660873757;FALSE;0;0;101.046094006118
16.0071452271216;"hetre";152.7;0;179.200090154706;FALSE;0;0;109.35849844833
0.521926872400005;"hetre";86.6;0;90.617592818968;FALSE;0;0;89.6299235187487
16.7384653047204;"hetre";130.9;0;166.519553081919;FALSE;0;0;150.085509083839
15.8873404912027;"hetre";175.4;0;209.39275263965;FALSE;0;0;136.647590170344
73.5893670923722;"hetre";215.7;0;252.47364366855;FALSE;0;0;97.9999754547383
41.7905189548109;"hetre";117.4;0;132.565821329564;FALSE;0;0;104.446986604666
30.0093685226238;"hetre";247.7;0;242.227059818609;FALSE;0;0;127.613344847457
1.04667734811307;"hetre";99.6;0;120.067234736108;FALSE;0;0;79.1987299113489
15.9918513581529;"hetre";125.5;0;136.61830514748;FALSE;1;0;120.652030793529
0.730405707955933;"hetre";93.3;0;93.142224228369;FALSE;2;0;119.594976819216
14.1880764692701;"hetre";188.9;0;156.495701100237;FALSE;3;0;103.470442857272
11.2074714121635;"hetre";350.3;0;327.728052544381;FALSE;0;0;116.554485802014
46.0537528380344;"hetre";226.7;0;267.590098409873;FALSE;0;0;134.488107742365
7.57209054317211;"hetre";188.3;0;173.118777436009;FALSE;0;0;100.486724352089
12.4682943040997;"hetre";325.8;0;348.854625728824;TRUE;0;0;131.132148962765
40.0046001716576;"hetre";186.6;0;182.282025997786;TRUE;0;0;130.911520392388
1.69054079350469;"hetre";145.5;0;130.559159202795;FALSE;1;0;131.831413187052
65.4452410760525;"hetre";261.3;0;229.225091498835;TRUE;0;0;112.204920443369
1.07747249105052;"hetre";122.1;0;94.4227722453264;FALSE;0;0;103.003618572027
2.0346208376982;"hetre";205.4;0;157.312524972169;FALSE;0;0;91.7351561024248
29.1529737703798;"hetre";131.4;0;159.528571690726;FALSE;0;0;108.592685952769
168.384761673357;"hetre";237;0;240.450220193746;FALSE;0;0;106.898809148702
1.2250554917712;"hetre";264.2;0;292.607910878939;FALSE;0;0;105.011064459413
0.86405126854466;"hetre";361.9;0;378.75858356362;FALSE;0;0;117.802091786229
15.4744812735561;"hetre";222.4;0;249.477628242409;TRUE;0;0;130.107437765874
417.229965245504;"hetre";249.3;0;183.149314104485;TRUE;6;0;130.194884690519
9.26708573882406;"hetre";114.1;0;81.4014180834386;FALSE;0;0;156.009798289541
4.37762697503156;"hetre";207.9;0;98.2407795487842;FALSE;0;0;94.0344594686192
11.6070292769897;"hetre";185.7;0;137.77261939968;FALSE;0;0;127.10719712774
13.2800539672699;"hetre";174.6;0;160.922332409191;FALSE;0;0;102.69872161694
21.5296249955903;"hetre";484.4;0;579.651949511521;TRUE;0;0;144.49206648399
7.10546811020218;"hetre";143.4;0;182.069724229531;FALSE;0;0;96.8714733057222
3.2593397244552;"hetre";205;0;152.344418815333;FALSE;2;0;131.704440612255
188.480194799522;"hetre";178.6;0;165.669891363831;FALSE;0;0;111.820023661113
3.66880066307549;"hetre";137.1;0;129.506655160863;FALSE;0;0;113.398056819097
673.563680852673;"hetre";300.3;1;241.369590030612;FALSE;0;0;103.751064338701
2.7591704492519;"hetre";63.5;0;81.219507734109;FALSE;0;0;76.7177474621751
12.9926304176544;"hetre";173.5;0;171.595187333237;FALSE;0;0;145.389618772427
31.4350757344656;"hetre";337;0;287.356826734807;FALSE;0;0;125.591853359508
928.588621812375;"hetre";409.9;1;495.785950863217;FALSE;0;20;122.143043925269
2.85173818556901;"hetre";107.9;0;121.899989930481;FALSE;0;0;118.16010658099
29.1872302159003;"hetre";374.5;0;361.463108074195;FALSE;3;0;128.60783090239
2.01048250154674;"hetre";234.8;0;216.555727145699;FALSE;0;0;104.360575486486
4.57356852078495;"hetre";138.5;0;105.686052349564;FALSE;0;0;119.775174754215
233.589758861007;"hetre";377.5;0;333.163944730707;FALSE;0;0;98.9996911318781
17.0726225094508;"hetre";125.1;0;168.42178419401;FALSE;0;0;127.28715758727
0.342040434258274;"hetre";169.9;0;201.484721224316;FALSE;0;0;90.4494893029321
0.553613251026284;"hetre";102.2;0;116.881546467;FALSE;0;0;81.9623190523189
1.66739189200272;"hetre";181.1;0;193.722977861167;FALSE;0;0;128.500737127724
13.2276885349312;"hetre";288.7;0;214.226250856171;FALSE;0;0;82.0639588807652
32.0408290274457;"hetre";278.1;0;301.583917123801;FALSE;0;0;114.720841715319
3.39719311499205;"hetre";145.3;0;152.041795869641;FALSE;0;0;103.191582476053
0.124772631804564;"hetre";163.9;0;130.148230212748;FALSE;0;0;121.533917194922
12.0734209144637;"hetre";212.3;0;234.567290966836;FALSE;0;0;114.618275241176
105.584641185358;"hetre";231.2;0;224.023155258573;FALSE;0;0;110.902687672201
0.0459555914634935;"hetre";92.9;0;42.0532033197431;FALSE;0;0;89.3042877054032
73.2661424836005;"hetre";236.3;0;296.839655963838;FALSE;2;0;152.410993246484
13.9759416732606;"hetre";236.3;0;298.902896698415;FALSE;0;0;123.199422216425
329.104548001106;"hetre";240.5;0;146.619805538501;FALSE;0;0;121.566704254763
16.4315027525646;"hetre";172.5;0;255.518056322835;FALSE;0;0;131.420467524619
8.98399090211251;"hetre";108.7;0;125.667123294035;FALSE;0;0;98.8906555476284
6.26453169890922;"hetre";177;0;199.440979241968;FALSE;0;0;112.925140420967
13.6543689319164;"hetre";196.8;0;195.609578312313;FALSE;0;0;140.93368799953
4.12249888733249;"hetre";129.7;0;139.477872756733;FALSE;2;0;142.157455522403
17.2329992332501;"hetre";271.1;0;262.624926980147;FALSE;0;0;154.867360878803
100.734118960549;"hetre";169.9;0;162.948210494099;FALSE;1;0;123.929542276596
8.72411496563324;"hetre";164.9;0;219.646081315136;FALSE;0;0;81.030701261479
46.6816458676154;"hetre";230.3;0;222.03318835747;FALSE;0;0;77.6361742516477
32.5533050967669;"hetre";179;0;209.660272053636;FALSE;0;0;119.904885118368
2.6427287564972;"hetre";221.8;0;237.494889981398;FALSE;0;0;96.4826514104673
104.550437714945;"hetre";190.7;0;133.310892569437;FALSE;0;0;110.327433309219
57.9219360318978;"hetre";179.7;0;240.857723212318;FALSE;0;0;133.116557341607
15.881344969032;"hetre";259.5;0;308.690800990782;FALSE;0;0;143.719315369637
0.47037590186054;"hetre";176.3;0;126.599942072618;FALSE;2;0;148.187789074792
58.1978583886416;"hetre";215.7;0;232.613818592403;FALSE;0;0;137.418874476572
98.4178354183331;"hetre";250.3;0;168.50326281828;FALSE;0;0;152.583347346676
7.08410039193103;"hetre";286.8;0;360.425729528847;FALSE;0;0;99.7984899805291
16.9048198134117;"hetre";340.5;0;291.551872641208;FALSE;0;0;97.4630131221018
1.679403527467;"hetre";100.4;0;102.969885493586;FALSE;0;0;122.493642756419
2.90861453981427;"hetre";210.4;0;168.95648709176;FALSE;0;0;100.081649841479
261.97218691319;"hetre";238.2;0;249.367684380827;FALSE;0;0;136.118865474809
0.893184758314754;"hetre";99.5;0;127.062778508612;FALSE;0;0;112.258561610102
9.47567938550766;"hetre";117.5;0;105.950453789319;FALSE;0;0;119.224409765622
9.17552087031562;"hetre";284.5;0;317.803070785496;FALSE;0;0;135.600945545861
3.7268595585205;"hetre";243.2;0;203.200261626328;FALSE;0;0;128.390155845806
50.7806507567598;"hetre";262.9;0;251.889956930288;FALSE;0;0;107.584673625897
22.9150402476084;"hetre";130.8;0;104.996005329653;FALSE;0;0;102.161001668804
50.2883948531199;"hetre";179.8;0;117.641507769138;FALSE;0;0;109.125003924629
8.79659079074141;"hetre";143.7;0;129.150271602745;FALSE;0;0;116.628494888809
28.2153959475369;"hetre";161.4;0;135.608319914248;FALSE;1;0;136.228567456586
81.0782166965289;"hetre";313.6;0;250.330360861323;FALSE;0;0;109.331216359259
228.508631191801;"hetre";270.3;0;222.585099289862;FALSE;0;0;80.4374765294158
45.2439772199857;"hetre";226.3;0;252.170684220085;FALSE;0;0;147.656437162273
2.15407445663119;"hetre";127.2;0;149.712755144815;FALSE;1;0;82.4958228256554
5.94851245417689;"hetre";193.5;0;236.932013921783;FALSE;0;0;99.4926274947455
19.8993846494477;"hetre";278.2;0;263.681953385381;FALSE;2;0;125.130994306882
0.0548294289218983;"hetre";93.1;0;128.415468100097;TRUE;0;0;101.016236185696
17.7898045949008;"hetre";175.8;0;214.935484645256;FALSE;0;0;160.245471534212
45.6531414765736;"hetre";232.4;0;200.431046547096;FALSE;0;0;95.76578148129
3.08018687072153;"hetre";231.4;0;271.507647508965;TRUE;0;0;178.445266629801
9.7694148149273;"hetre";186;0;175.431311183114;FALSE;0;0;98.155038908306
66.2765440372748;"hetre";237.9;0;271.652668177331;FALSE;0;0;112.468495004711
0.497120098265926;"hetre";121.5;0;159.733027499811;FALSE;0;0;132.999761876649
18.7668962378207;"hetre";162.6;0;187.634006455182;FALSE;0;0;126.626155560745
4.29479813033228;"hetre";280.9;0;232.87494480175;FALSE;1;0;93.413724876249
14.1159056553991;"hetre";302.3;0;297.575109470912;FALSE;0;0;114.446441960841
0.412437752732009;"hetre";191.4;0;282.075004847195;FALSE;0;0;118.7251227189
13.4774869324431;"hetre";137.9;0;129.265510401937;FALSE;0;0;146.636152460162
115.203469655561;"hetre";158;0;118.699188190544;FALSE;0;0;126.181722187653
214.410014764802;"hetre";245;0;250.621021519927;FALSE;0;0;91.8793721627663
49.998112624595;"hetre";658.3;0;476.514507051639;FALSE;0;0;100.979122949023
1.82141446392598;"hetre";68.4;0;55.5156009648428;FALSE;1;0;116.111381002781
3.15889809439473;"hetre";172.6;0;148.742923293886;FALSE;0;0;70.486407895818
0.438088999393448;"hetre";78.7;0;71.6042011050052;FALSE;0;0;93.3266897683258
41.8853435042988;"hetre";294;0;309.825509022949;FALSE;0;0;136.80929098676
0.518863084918543;"hetre";220.2;0;268.094669874795;FALSE;0;0;120.167537293479
23.6954505471023;"hetre";224.5;0;255.88854841723;TRUE;0;0;146.343668668568
534.922685366487;"hetre";230.2;1;155.116243265986;FALSE;1;49;100.665033813111
133.944536210016;"hetre";251.3;0;295.660633338586;FALSE;0;0;154.699796601226
129.229588250829;"hetre";192.5;0;183.027032777384;FALSE;0;0;170.041195457437
54.6825313672;"hetre";443;0;492.027973661203;FALSE;0;0;143.203156564649
42.5910176637906;"hetre";355.4;0;245.564355206746;FALSE;0;0;113.548249156509
2062.96197295229;"hetre";442.7;2;317.651118311099;FALSE;0;43;116.115993223406
32.4796262532118;"hetre";199.3;0;144.619867898246;TRUE;2;0;96.9093060628998
17.7436453365522;"hetre";187.4;0;223.052403520348;FALSE;0;0;97.7134697108891
190.264825576658;"hetre";200.4;0;160.153624310236;FALSE;0;0;110.763310971234
28.5406606741229;"hetre";193.6;0;200.449007297944;FALSE;0;0;122.322317084469
204.678159334923;"hetre";345.9;0;377.86544308803;FALSE;0;0;138.125801877591
11.4488355850827;"hetre";180.5;0;184.244349003064;FALSE;0;0;151.18691193132
7.45576356050005;"hetre";135.7;0;215.206228105477;FALSE;0;0;121.637938538358
1.62168982205137;"hetre";120.6;0;105.271033900652;FALSE;0;0;154.003695495504
0.413440570088409;"hetre";249;0;219.748311250887;FALSE;0;0;111.993296621903
4.93883310772462;"hetre";87.7;0;86.6235198953078;FALSE;0;0;130.253003907376
3.6598422143206;"hetre";72.1;0;71.7700365050955;FALSE;0;0;128.30735432856
21.5855075431195;"hetre";468.9;0;483.850267926759;FALSE;0;0;140.162194373457
1.63213770444096;"hetre";460.1;0;443.573969625079;TRUE;0;0;145.233304417637
23.5129620167711;"hetre";303.2;0;260.887394163589;FALSE;0;0;93.6747146814541
3.37003740557948;"hetre";160.2;0;169.132362766073;FALSE;2;0;123.285764336532
391.727847094694;"chataignier";212.3;0;198.386886775183;FALSE;0;0;95.047816253733
7.17481930567216;"chataignier";333.5;0;342.596083414454;FALSE;0;0;96.1745533398235
811.546271088661;"chataignier";318.9;2;257.034259335352;FALSE;0;0;116.079298182015
68.4910061296319;"chataignier";180.7;0;201.289403152149;FALSE;0;0;117.65623471839
3.59241870449798;"chataignier";179.5;0;263.246302443759;FALSE;0;0;97.3660318906762
43.5587766423853;"chataignier";195.4;0;176.882863392477;FALSE;0;0;122.814466125438
4.99509190806621;"chataignier";88.7;1;101.276150710464;FALSE;2;0;139.155317563107
1.42135706940478;"chataignier";171.5;0;172.437017802621;FALSE;0;0;118.625459930945
0.315207718840302;"chataignier";98.9;2;107.141651498992;FALSE;0;0;80.9228870312598
433.143167555945;"chataignier";272.9;0;390.540839453243;FALSE;0;0;119.037011374231
1.46620352193603;"chataignier";272;0;251.457844808801;FALSE;0;0;111.08333870173
3.4430246916732;"chataignier";155.5;0;132.88896087193;FALSE;0;0;91.4262756494879
7.15244803899339;"chataignier";116.5;0;101.045003716361;TRUE;0;0;118.293950617874
0.354403785828957;"chataignier";197.8;0;175.088834664144;FALSE;0;0;119.824750437562
4.57413829025992;"chataignier";853.2;3;702.256533923252;FALSE;2;0;138.341746787271
8.05804553335937;"chataignier";129.6;4;111.580385786211;TRUE;0;0;130.227590867052
5.93647403214162;"chataignier";428.2;0;360.446894795551;FALSE;0;0;111.2188048007
0.905676925737711;"chataignier";209.3;1;334.589918605372;FALSE;0;0;125.856644736679
2.13883194442753;"chataignier";219.5;0;183.763869975511;FALSE;0;0;146.162320173562
100.35607812115;"chataignier";176;0;150.067296497907;FALSE;0;0;76.2260803315497
9.0496022933408;"chataignier";275.8;0;264.19544589284;FALSE;0;0;89.390787120074
2.56624495961254;"chataignier";333.6;0;276.057809955905;FALSE;0;0;136.115947671859
301.994567968316;"chataignier";346;3;432.977579408556;FALSE;0;0;103.790833442123
64.7391390470338;"chataignier";159.1;0;123.274840860235;FALSE;0;0;145.460099589809
5.08175574548747;"chataignier";280.3;3;184.877388915334;FALSE;0;0;99.0489003090999
1.90582403085385;"chataignier";74.1;0;105.273416652336;FALSE;0;0;94.2368456247092
902.87987023968;"chataignier";510.2;2;482.51000949506;FALSE;2;0;147.699608600526
12.0348225426462;"chataignier";181.6;3;159.499203754128;FALSE;1;0;147.092834667887
48.316938511166;"chataignier";175.9;0;138.737595188255;FALSE;0;0;106.949439874298
105.88222228446;"chataignier";303.2;1;341.23219064014;FALSE;0;0;104.270310227698
0.795162001455094;"chataignier";180.5;0;159.74699104936;FALSE;0;0;117.370176114519
5.2314466680062;"chataignier";476;0;404.744843193275;FALSE;0;0;128.272059761036
21.1553063466448;"chataignier";316.7;0;194.02892748943;FALSE;0;0;106.028608694069
232.333619908692;"chataignier";265.7;0;248.748460363574;FALSE;0;0;168.88301383276
18.6521942631314;"chataignier";188;0;159.702779587946;FALSE;0;0;112.28437956572
77.1543135007012;"chataignier";249.4;0;287.991110698095;FALSE;0;0;144.540055673917
1.05948443519035;"chataignier";136.3;0;110.550239250586;FALSE;0;0;162.716909972098
104.430363367577;"chataignier";271.9;0;269.634731066291;FALSE;3;0;149.228116060865
16.2685567033404;"chataignier";133.4;1;118.867562460331;FALSE;0;0;127.489975184108
17.96367845919;"chataignier";131.7;1;113.930322403331;TRUE;0;0;131.087177203095
16.6723352496264;"chataignier";232.9;0;360.638771411716;TRUE;0;0;138.201312012687
0.922359086584593;"chataignier";95.5;0;116.922443488869;FALSE;0;0;117.270539874761
11.8212466246606;"chataignier";140.1;1;170.708067196057;FALSE;0;0;82.6249991502097
33.5277177531067;"chataignier";313.1;0;285.463279410794;FALSE;0;0;118.261108649426
6.11740303548454;"chataignier";440.5;0;485.67860535695;FALSE;0;0;130.191995981487
0.218533585138977;"chataignier";188.9;0;177.771481651318;TRUE;0;0;146.329797854621
11.7805114016845;"chataignier";288.2;1;239.786426865178;TRUE;0;3;133.991420792722
249.131372536081;"chataignier";328.4;0;391.487603759778;TRUE;0;0;162.371980464545
54.3190750351971;"chataignier";224.2;0;192.617602784048;FALSE;0;0;85.7083649919615
364.092522139307;"chataignier";373.6;0;370.567637006286;FALSE;0;0;113.407697172611
24.9273124411316;"chataignier";281.7;1;325.374540101579;FALSE;0;0;121.408360550065
16.9364493262243;"chataignier";303.6;1;206.267108768528;FALSE;0;0;129.332589011797
1160.764174189;"chataignier";339.1;1;369.942162475652;FALSE;0;26;126.729482371596
19.9930703143667;"chataignier";149.2;1;138.7863113526;FALSE;0;0;119.153846290165
425.512963018494;"chataignier";256.3;4;183.579955676788;FALSE;0;0;101.431043454447
92.7605216630988;"chataignier";367.9;0;282.605478810426;FALSE;0;0;166.149357534319
1.2401915614661;"chataignier";193.4;0;172.060093837976;FALSE;0;0;113.406122454586
38.0906418056019;"chataignier";130.8;0;119.105688571564;FALSE;0;0;135.403508536556
128.818667785999;"chataignier";316.1;0;288.011804931272;FALSE;0;0;135.632102719848
1.88017891749429;"chataignier";54.7;0;58.7664931774416;FALSE;0;0;122.556870517411
134.155784658926;"chataignier";171.1;1;153.462155142689;FALSE;0;1;94.9279931940706
1.69235994224687;"chataignier";116.3;0;108.880576941932;FALSE;0;0;135.833578847064
11.2452060283385;"chataignier";158.8;0;119.212299705459;FALSE;0;0;117.518168378268
98.9622083741024;"chataignier";437.8;0;326.757820249794;FALSE;0;0;142.947017101489
1.31117546042539;"chataignier";473.5;1;472.026823764701;FALSE;0;0;123.236514243564
541.213882240052;"chataignier";210.3;2;280.334328445781;FALSE;0;1;130.619974829059
7.74590370667285;"chataignier";159.4;0;193.478430769514;FALSE;0;0;169.482489167608
50.6205312378828;"chataignier";142.4;1;152.292069746687;FALSE;2;0;115.249113733469
81.282457416381;"chataignier";291.5;0;257.449688669596;FALSE;0;0;122.864674232242
72.1099475446028;"chataignier";255.2;0;180.555715087585;FALSE;0;0;109.298761964394
0.189057646796268;"chataignier";75.8;0;60.5355453102079;FALSE;0;0;123.844376251973
416.675344193587;"chataignier";283.8;0;266.871350243822;FALSE;0;0;113.132692794092
232.968333317831;"chataignier";197.1;2;209.726428805672;FALSE;0;0;118.039449297232
0.848017072104939;"chataignier";85.2;0;59.5888702386878;FALSE;0;0;122.533457900459
13.2585940392832;"chataignier";209.3;6;288.62456420358;FALSE;0;1;109.977873126905
621.718281745194;"chataignier";222.8;3;147.103920376878;FALSE;0;0;133.268485807361
101.299088569949;"chataignier";246.5;1;285.493675687284;FALSE;0;0;126.755695421816
2.04273231181032;"chataignier";356.4;0;343.083383119232;FALSE;0;0;136.887606215449
98.8024575046564;"chataignier";241.7;0;230.818401507189;TRUE;0;0;176.033334059074
135.978843010015;"chataignier";213.3;0;193.524608053442;FALSE;0;0;131.474677512736
113.878735718798;"chataignier";471.1;1;503.416470868308;FALSE;0;1;99.8136647032657
46.8971800085327;"chataignier";223.7;0;196.724578971633;FALSE;1;0;131.172076437463
2.01953766120493;"chataignier";259.9;0;316.280063396298;FALSE;1;0;166.664565575226
85.7646424078993;"chataignier";174.5;0;184.347343553875;FALSE;0;0;92.1893758652308
0.925171326849494;"chataignier";125.3;0;122.847778186288;FALSE;0;0;125.455058849783
59.3983032049676;"chataignier";244.8;1;232.560399342614;FALSE;0;1;122.763530963959
1.11462787876719;"chataignier";123.8;0;124.275203100986;FALSE;0;0;76.3197908443603
0.707688982663413;"chataignier";177.6;0;202.779002340848;FALSE;0;0;146.117533202711
5.89715660721117;"chataignier";103.7;0;130.882779845799;FALSE;0;0;104.075034485086
8.70006923322285;"chataignier";191.8;0;216.655129674523;FALSE;0;0;90.7025355425092
136.855080512225;"chataignier";205.5;0;207.46902288183;TRUE;1;0;98.2330229311879
2.0662155669428;"chataignier";156.2;0;124.266523040595;FALSE;0;0;127.647049424339
1.08569030753019;"chataignier";198.3;0;209.816098345091;FALSE;0;0;128.88376360107
1.64317314828058;"chataignier";66.2;0;62.0954050804446;FALSE;0;0;108.019830610529
34.4120638682795;"chataignier";162.5;0;158.865882564673;FALSE;0;0;102.585241242718
22.5888936089859;"chataignier";194.8;5;207.300557600652;FALSE;0;0;119.505679589591
0.648822448457819;"chataignier";102.3;0;130.732525727326;TRUE;0;0;119.975705437825
9.43442794391484;"chataignier";235;1;264.591756421063;FALSE;0;0;103.756904941541
33.1645538404135;"chataignier";433.9;1;460.572715033016;FALSE;0;0;125.548971130416
12.4735057375239;"chataignier";189;0;130.475565302904;FALSE;0;0;102.513532239798
99.2926482277308;"chataignier";252.3;0;248.287260971819;FALSE;0;0;142.046666898688
73.2429231000616;"chataignier";274.3;2;329.038663701939;FALSE;0;0;108.324707370018
2.37740821922667;"chataignier";80.4;0;74.5870016126119;FALSE;0;0;144.825970173979
17.5445857927156;"chataignier";285.6;0;283.031301039391;FALSE;0;0;98.7161213468125
4.27512281323764;"chataignier";194.6;1;200.439294862802;FALSE;0;0;130.037751223087
76.8379745830286;"chataignier";140.3;0;134.167788588691;FALSE;0;0;98.7922300583319
0.101516126884315;"chataignier";31.7;0;28.8476369595879;FALSE;0;0;109.319251654698
10.4664936767014;"chataignier";217.2;1;229.289762721728;FALSE;0;0;125.981653516812
130.785011665591;"chataignier";222.6;0;214.654996610222;FALSE;0;0;97.0629996930536
17.3319914186657;"chataignier";211.7;0;187.726579964044;FALSE;0;0;110.378110085857
0.260627418830235;"chataignier";133.8;1;166.391861724857;FALSE;0;0;130.694416690411
9.6027010804051;"chataignier";179;0;192.438077685526;FALSE;0;0;112.003022192054
136.92318696381;"chataignier";342;0;463.959517997044;FALSE;0;0;108.421433216699
105.129138526163;"chataignier";345.3;1;314.199338785086;FALSE;0;0;114.753635452255
65.2553663849657;"chataignier";244.4;0;285.251890763171;FALSE;0;0;108.249060985731
0.428407952843059;"chataignier";121.6;1;94.9144393943021;FALSE;0;0;107.237330393829
44.7295113877131;"chataignier";500.5;0;420.449549265551;TRUE;0;0;110.960841309793
15.2111769797792;"chataignier";333.1;1;327.880335333507;FALSE;0;0;167.725318195363
13.9611141778752;"chataignier";214.2;1;249.089800160034;FALSE;0;0;121.666021474541
129.90128775859;"chataignier";253.6;0;320.657569852981;FALSE;0;0;123.221220058758
5.02811553526146;"chataignier";154;0;150.399180321745;FALSE;0;0;120.962101392616
19.5989721032472;"chataignier";235.5;0;240.792902930338;FALSE;0;0;87.3866803958304
0.755707119163867;"chataignier";59.4;0;62.7030448938358;TRUE;0;0;116.164372390296
11.0022946452674;"chataignier";213.8;0;234.333858661385;FALSE;0;0;85.1671879284189
19.7196766540729;"chataignier";249.5;0;141.066506731846;FALSE;0;0;91.4389641396508
15.1362909090642;"chataignier";329.5;0;297.740305031574;FALSE;0;0;134.22121249897
92.7432650081699;"chataignier";231.6;3;259.138051485948;FALSE;0;0;95.4430475996705
15.672261444019;"chataignier";184.4;0;155.720432255827;FALSE;0;0;144.815739053181
6.31334822160132;"chataignier";225.2;3;267.768411165345;FALSE;0;0;132.812457877256
137.195121466112;"chataignier";180.7;1;222.443503653019;FALSE;0;0;112.297429816429
2.67716026466248;"chataignier";213.1;3;209.556425048059;FALSE;1;0;119.986835530766
3.46688247492613;"chataignier";329.6;0;363.694584615365;FALSE;0;0;117.150755394017
41.0158195547951;"chataignier";190.6;0;185.002279216879;FALSE;0;0;84.4739337836097
0.392866332496985;"chataignier";106.7;0;96.8330669915247;FALSE;0;0;85.3782416715025
1.45044826545693;"chataignier";97.6;0;85.91683186687;TRUE;0;0;97.313108311026
1.27789323853756;"chataignier";130.8;0;117.288082659166;FALSE;0;0;98.6265737546174
23.2999515870487;"chataignier";128.1;0;125.959833324814;FALSE;0;0;131.516766827169
2.54659034418185;"chataignier";84.2;1;87.6465573646323;FALSE;0;0;75.4905779765153
19.5334928365629;"chataignier";149.8;0;204.223614551858;FALSE;0;0;126.830472207724
14.9664213242904;"chataignier";188.8;0;211.771128509891;TRUE;0;0;146.459041141671
65.8006688161505;"chataignier";301.1;2;366.590893178233;FALSE;0;0;137.34747505376
2.04143328066876;"chataignier";117.9;0;99.9619400263024;FALSE;0;0;113.068786381095
1.38971306472297;"chataignier";228.2;0;226.189366614043;FALSE;0;0;127.671777779183
7.51038387173621;"chataignier";103.7;0;84.7454468591575;FALSE;0;0;106.520100293498
27.4507443237266;"chataignier";299.8;0;324.664998694508;FALSE;0;0;125.744348448009
0.809500114186845;"chataignier";145.9;0;144.073242477221;FALSE;0;0;139.200340433924
24.4525066687583;"chataignier";232.8;0;234.148406113078;FALSE;0;0;130.857649195998
22.5178259411131;"chataignier";207.6;0;215.605304033528;FALSE;0;0;153.069897104732
7.35100704687645;"chataignier";183.5;0;117.329861535304;FALSE;0;0;107.180837184433
454.987096461161;"chataignier";221.1;0;312.35909817435;FALSE;1;0;125.545998683554
237.528252676678;"chataignier";253.3;1;204.923834097143;FALSE;0;0;76.6405614221765
39.8138399068974;"chataignier";190.4;1;188.195133481408;FALSE;0;0;122.842088594946
3.98407065974399;"chataignier";106.2;0;120.069722747383;FALSE;0;0;84.3314141110689
5.9418202800479;"chataignier";158.4;0;154.01151691169;FALSE;0;0;134.776011238519
4.96419811577044;"chataignier";194.2;0;221.569287839565;FALSE;0;0;117.961378467403
12.0726442669055;"chataignier";213.5;7;235.332749079496;FALSE;0;0;103.827726497273
2.6242450099337;"chataignier";98.8;0;62.9922755366159;FALSE;1;0;112.951829010269
11.6249265920815;"chataignier";213.9;0;183.584444035656;FALSE;0;0;114.393640016312
2.76239411666955;"chataignier";99.7;1;119.688837930132;FALSE;0;0;112.619588526648
2.30464598299793;"chataignier";253.4;0;250.433194729344;FALSE;0;0;104.857513659011
2.35904778967978;"chataignier";168.2;0;117.467547428672;FALSE;0;0;130.695132582913
266.860428700914;"chataignier";247.1;3;222.392506578772;FALSE;1;21;93.6741195401363
10.6965966598508;"chataignier";204.4;0;164.47208407875;FALSE;0;0;116.459808415573
0.561485764221632;"chataignier";114;1;101.734975386544;FALSE;0;0;92.8209491319837
27.2921623840175;"chataignier";260;0;319.013543105155;FALSE;0;0;91.484224607001
2.00424005337563;"chataignier";187;1;242.577837254981;FALSE;0;0;122.197298432982
2.19849758207215;"chataignier";209.4;1;253.173819328427;FALSE;0;0;112.885368141238
37.9890300866618;"chataignier";182;0;203.671596212881;FALSE;0;0;125.865079356501
3.5637665590261;"chataignier";151.3;0;115.387910835695;TRUE;0;0;132.680552891494
3.09328892431392;"chataignier";254.4;0;273.354834592875;FALSE;0;0;135.963638227704
8.1488236889396;"chataignier";72.8;2;63.2898786297209;FALSE;1;0;153.491596554416
10.2425259221303;"chataignier";154.7;1;104.516949223912;FALSE;1;0;111.017508696499
5.12335109202997;"chataignier";123.1;0;110.688657297987;FALSE;0;0;122.172460432709
0.913567255288136;"chataignier";172.9;0;136.232822640382;FALSE;1;0;138.618645661084
242.146466587281;"chataignier";432.1;0;304.358928008767;FALSE;0;0;127.356399801663
10.4696256189858;"chataignier";192.9;0;277.284245275068;FALSE;0;0;116.681880986762
9.47268591419008;"chataignier";194.9;2;136.196389883228;FALSE;0;1;122.058964176459
1.69275220113665;"chataignier";223;0;221.56465389719;FALSE;0;0;108.449361935379
1.74735229397919;"chataignier";122;1;117.381933136546;FALSE;0;0;130.792530178927
9.75701783690919;"chataignier";169.6;0;152.312180310728;FALSE;0;0;125.270164577684
20.7519967855089;"chataignier";99.4;0;91.4452184900592;FALSE;0;0;110.086827705211
0.697518385673791;"chataignier";94.4;0;100.199335808021;FALSE;0;0;123.979767149227
8.7451068484771;"chataignier";135;0;186.805568068732;FALSE;0;0;113.473368261373
0.200309616390094;"chataignier";209.9;0;220.301628633917;FALSE;0;0;129.978169377886
304.289491399173;"chataignier";303.1;0;336.210570259684;FALSE;1;0;121.86127832301
14.1310106631406;"chataignier";304.1;0;335.817545464734;FALSE;0;0;114.625280181789
15.8351687430384;"chataignier";247;0;222.707829098892;FALSE;0;0;136.557989777193
0.92191527161956;"chataignier";114.6;0;111.353205988813;FALSE;2;0;109.668057728813
15.0769389653443;"chataignier";171.2;0;191.408622123286;FALSE;0;0;133.329406562963
3.46189826154329;"chataignier";153.6;0;166.640117497576;TRUE;0;0;119.850912526062
10.6460433685282;"chataignier";123.3;0;78.4046457200147;FALSE;0;0;140.940725648533
8.78065333734007;"chataignier";160.2;1;181.063992159796;FALSE;2;0;116.440948749314
1.25810583186685;"chataignier";96;0;85.8324896048693;FALSE;0;0;105.930670506464
1.54635249387924;"chataignier";156.2;0;195.143740689291;FALSE;0;0;138.747485621734
55.7377257074511;"chataignier";200.4;0;197.429343269201;FALSE;0;0;136.642429437525
160.166654573743;"chataignier";289.2;0;238.463232484706;FALSE;0;0;115.925589769815
17.426638998721;"chataignier";303.6;1;230.050427301925;FALSE;0;0;93.2175799184036
2.59440151282746;"chataignier";152.8;0;131.023280502429;FALSE;0;0;106.700874814545
122.799150750577;"chataignier";172.6;0;174.235620046896;TRUE;0;0;96.2330016188958
5.50523062753347;"chataignier";179.7;2;167.620571514803;FALSE;0;0;97.8595068635703
8.34580887140123;"chataignier";234.7;0;113.256422934441;FALSE;0;0;130.815886860201
6.34013991571785;"chataignier";529.9;0;520.227166562681;FALSE;0;0;125.795182583428
1.1130976513332;"chataignier";150.3;0;164.365665242199;TRUE;0;0;134.005957433489
1.38988633886367;"chataignier";293.7;0;301.199594084321;FALSE;0;0;114.317992234038
1.19296386810302;"chataignier";149;0;97.200567449506;TRUE;0;0;126.809008255267
20.3374633087939;"chataignier";539.5;0;297.845243879319;FALSE;0;0;120.423371097409
6.71205179056546;"chataignier";166.5;0;132.172783750103;FALSE;0;0;104.041987511281
1.50598118377877;"chataignier";643.8;0;713.307992603714;FALSE;0;0;130.904223904231
28.8852240948046;"chataignier";197.3;0;250.621190059829;FALSE;0;0;132.850281683036
45.8014030619794;"chataignier";144;0;129.607780642705;FALSE;0;0;85.8001195771498
9.27246724144982;"chataignier";115.2;0;83.472951784008;FALSE;0;0;134.374017645811
0.220985569076164;"chataignier";214.6;0;207.544564569125;FALSE;0;0;134.228168227633
17.3135045218114;"chataignier";702.9;0;581.300884516648;FALSE;0;0;163.118600625595
1034.2791815059;"chataignier";249.9;1;261.107178491753;FALSE;0;41;106.134328166889
68.3735670765458;"chataignier";193;0;170.234068800321;FALSE;1;0;127.866322178366
53.9706116039551;"chataignier";186;0;162.717504282598;FALSE;0;0;133.096038117525
0.241756633163471;"chataignier";68.6;0;75.298259208795;FALSE;0;0;71.6173175863736
27.5351305755437;"chataignier";279.3;0;298.953340445626;FALSE;0;0;74.6058699265557
14.1995369014327;"chataignier";133.2;0;150.765263033137;FALSE;0;0;111.960470518539
217.97252171731;"chataignier";243.7;0;232.642775387954;FALSE;0;0;97.1157056196503
27.1677188279801;"chataignier";172.7;0;75.4843123275041;FALSE;0;0;133.762014568449
7.27057912888055;"chataignier";277.4;0;255.751041130177;TRUE;0;0;125.998757370637
11.9653207118176;"chataignier";344.1;0;446.119767348204;FALSE;0;0;166.577380218698
13.6199523821892;"chataignier";173.8;2;200.758707779144;TRUE;0;0;131.253803773791
85.3845643290983;"chataignier";235;0;243.143800757248;FALSE;0;0;95.7342492058649
4.96677244864822;"chataignier";155.5;0;162.537990514555;FALSE;1;0;113.644784352583
105.256884415122;"chataignier";203.6;1;202.636369701488;FALSE;0;0;75.1437518960723
1.2830411483307;"chataignier";118.1;0;85.9244922293932;FALSE;0;0;119.329158902589
5.10491811276279;"chataignier";162.1;0;174.870556606202;TRUE;0;0;134.874306832595
16.3939687161643;"chataignier";148.6;1;134.696641562833;FALSE;0;0;120.353832821395
9.35000937941806;"chataignier";299.5;0;362.521178512563;FALSE;0;0;173.263590728222
1.47405129988861;"chataignier";144.2;0;151.158217715215;FALSE;0;0;137.18360431231
9.49121588402712;"chataignier";281;0;257.834763384067;TRUE;0;0;138.719788263725
0.540868136313821;"chataignier";286;0;326.04108003736;TRUE;0;0;139.849997887001
57.3159865125552;"chataignier";201.3;0;256.822667268967;FALSE;0;0;120.140588458248
50.5964614996432;"chataignier";206.1;0;243.359620621827;FALSE;0;0;142.777866959337
167.284899985763;"chataignier";269.4;0;254.188732553888;FALSE;0;0;117.096122114175
131.535216789245;"chataignier";205.6;0;156.661967374465;TRUE;1;0;132.487593446284
2.89462893773269;"chataignier";141.2;0;99.0568121139256;FALSE;0;0;103.398394332663
3.78110289447593;"chataignier";146.7;0;130.052562244086;FALSE;0;0;98.4407074927509
31.0331166777007;"chataignier";194.2;0;198.085001334904;FALSE;0;0;92.313854492749
5.04187096016483;"chataignier";112.1;0;136.672944698617;FALSE;0;0;91.5301061959351
1.67551915972079;"chataignier";213.8;0;256.647177799635;FALSE;0;0;120.817201787409
45.3366113162452;"chataignier";221.7;0;321.080124111372;FALSE;0;0;132.559057665432
4.28624867714785;"chataignier";183.2;0;193.174317685742;FALSE;0;0;150.839450287477
514.088114569465;"chataignier";278.6;2;255.730989559933;FALSE;0;1;109.057927415455
5.18872264550084;"chataignier";131.5;0;136.809511076798;FALSE;0;0;105.708190311087
9.64944489094634;"chataignier";90;4;105.374168058208;FALSE;2;0;85.7059376398321
352.865413125849;"chataignier";302.8;0;365.205404329783;FALSE;0;0;101.68070601591
14.7142570061188;"chataignier";271.4;0;297.504016511259;FALSE;0;0;134.165272629156
1.01316753243826;"chataignier";374.1;0;401.528989771247;FALSE;0;0;162.016023935456
10.4877879167328;"chataignier";227.8;0;288.447388864769;FALSE;0;0;146.080901120317
7.35258141047006;"chataignier";111.1;1;102.545067146398;FALSE;0;0;145.35241717996
20.962916975068;"chataignier";169.7;0;134.001153750988;FALSE;0;0;128.287903547109
1.39719916550652;"chataignier";82.5;0;91.5883511319753;TRUE;3;0;107.56778518377
95.5936706961174;"chataignier";275.6;0;236.94467612793;FALSE;0;0;155.903901724384
4145.31251973138;"chataignier";224.1;4;260.115098167846;FALSE;6;0;119.886535583473
92.6819155990517;"chataignier";146.3;0;144.071066404523;FALSE;0;0;99.6161535371591
140.022473544977;"chataignier";205.5;0;138.440525417067;FALSE;0;0;105.011030171099
53.7650750258949;"chataignier";156.3;0;173.997514109948;FALSE;0;0;106.30831169283
2.01343431678962;"chataignier";328.7;0;313.344395032822;TRUE;0;0;128.27159746887
70.3516051545471;"chataignier";177.8;0;144.307841515549;TRUE;1;0;152.960725760886
14.865462766468;"chataignier";177.6;1;207.529521738996;FALSE;0;0;134.264404980016
30.8159582167531;"chataignier";188.1;0;229.879791450228;FALSE;0;0;133.708133237441
47.4377850730938;"chataignier";296.8;0;292.849321287961;FALSE;0;0;104.270088695428
204.597186099418;"sapin";347.4;0;144.564802299576;FALSE;0;0;122.39516149736
39.5689665428116;"sapin";212.4;0;128.804950090333;TRUE;4;0;131.772264470194
0.406801477578036;"sapin";127.7;1;93.7955760444834;FALSE;0;0;93.0047337804482
60.8651495769087;"sapin";217.7;3;243.244788698876;FALSE;0;0;115.457903278517
4500.25936164312;"sapin";402.4;5;394.026681651013;FALSE;0;718;118.268202133907
8.89013972652108;"sapin";275.4;0;290.773279957774;FALSE;0;0;115.505992494661
2757.27316678912;"sapin";318.2;6;269.546401079884;FALSE;0;0;95.9398200688235
1.53082029590679;"sapin";76.6;0;80.1909810197269;FALSE;0;0;112.361037446934
13.7158732379345;"sapin";94.9;0;49.2456193676073;FALSE;0;0;90.5390312983441
3.07632777734886;"sapin";181.8;0;162.041537029817;FALSE;0;0;126.851550508882
4.42659556049556;"sapin";391.2;1;279.033571955355;FALSE;0;0;106.195547659552
4.99080258147482;"sapin";151.2;1;114.26466535546;FALSE;1;0;72.9039589382705
1391.22640693551;"sapin";254.9;2;100.76565925618;FALSE;0;0;127.051432848566
101.987927971865;"sapin";201.7;5;195.067670211656;FALSE;0;0;125.929632027444
26.6699623069294;"sapin";193.1;0;102.33529681952;FALSE;0;0;112.193275315176
48.0973961353102;"sapin";142.2;0;131.127423847072;FALSE;0;0;79.8349978405819
17.5140188606247;"sapin";284.4;3;315.546737053238;FALSE;0;0;109.770975752986
23.9761463064111;"sapin";122.1;1;72.0387103100362;FALSE;0;0;132.199992321097
8.72344124375032;"sapin";129.8;0;137.860067318821;FALSE;0;0;89.0465378041894
1.47673108335285;"sapin";122.5;2;81.0999524642306;FALSE;0;0;128.987918346794
13.2180116613644;"sapin";229.4;2;198.048719694296;FALSE;0;0;140.445459678135
0.121411048305273;"sapin";285.5;0;199.763354188623;FALSE;0;0;125.386048204035
0.274636949321529;"sapin";118.7;0;116.768456323499;FALSE;0;0;119.611770904125
0.0528668860884587;"sapin";84.8;1;74.6460235594697;FALSE;0;0;134.070014905675
2.20578699908018;"sapin";310.9;0;321.86059856165;FALSE;0;0;174.635492060875
16.8885957092868;"sapin";250;0;162.631022195128;FALSE;0;0;131.404405075553
1.4747580894637;"sapin";134.5;0;64.353617799758;FALSE;0;0;139.481748577502
7.15854093582959;"sapin";231.1;0;179.916161582099;FALSE;0;0;152.205438139261
8.80727357449002;"sapin";195;0;159.74374745249;FALSE;0;0;98.0074927581208
202.35850408253;"sapin";317.5;1;269.222249137665;FALSE;1;7;114.424977692758
2.88577829828114;"sapin";156.8;1;84.1760569380645;FALSE;0;0;101.994615320033
0.431216715172615;"sapin";197.1;1;181.84875117543;FALSE;0;0;127.842247855479
48.1605129478335;"sapin";267.5;0;279.682147166806;FALSE;0;0;108.017003717917
21.7114894300049;"sapin";163;1;104.503766895238;TRUE;0;0;98.3812470360054
0.141446352408545;"sapin";133.9;0;96.1913340633428;FALSE;0;0;98.734631465333
0.509505548349199;"sapin";94.5;0;89.8115929017353;FALSE;1;0;143.303428676518
6.04433595582764;"sapin";206.7;0;119.849299208213;FALSE;0;0;109.351677407739
13.2172143387572;"sapin";108.1;5;122.626769287657;FALSE;0;0;97.1443735872427
8.6202282309606;"sapin";276.8;1;275.413590284665;FALSE;0;0;150.189459162787
27.3826337461326;"sapin";127.6;0;105.975672995617;FALSE;0;0;135.733452756531
29.7388662814892;"sapin";294.9;0;215.85977601216;TRUE;0;0;171.104165363685
23.0526214985105;"sapin";192;0;182.479436994834;FALSE;0;0;106.518703450378
0.888469676154272;"sapin";76.2;4;71.5686368855968;FALSE;0;0;90.2222888296993
36.6999156520103;"sapin";297.3;0;195.05714708063;FALSE;0;0;132.892916061213
8.03887898698899;"sapin";227.9;2;212.084361013372;FALSE;1;0;111.350772184081
2.15000140712511;"sapin";67.4;2;52.4430498741043;FALSE;0;0;70.0099430059026
1.25390125522076;"sapin";108.3;0;104.288050398007;FALSE;2;0;79.1807725185469
12.9369671220444;"sapin";252;0;189.642284714201;FALSE;0;0;86.1530682321053
9.65696855673083;"sapin";99.5;0;107.499810523249;FALSE;0;0;104.030453232697
15.9807219797138;"sapin";288.1;0;230.619362517051;FALSE;0;0;116.612536923301
41.1715640191865;"sapin";156.8;1;126.741303539891;FALSE;0;6;137.384190626797
15.6724061982297;"sapin";101.3;0;72.2311040430192;TRUE;0;0;112.014270865527
33.9546737085311;"sapin";227.7;2;94.707774417518;FALSE;0;0;98.0643873680023
20.7481439469827;"sapin";125.4;2;108.20946252484;TRUE;0;0;112.254965693912
265.569337123653;"sapin";320.8;0;238.834968535483;FALSE;1;0;107.7742067247
0.166914372744957;"sapin";77.4;0;71.0697010829714;FALSE;0;0;108.276143740902
24.4273991617563;"sapin";350.1;0;289.156576137644;FALSE;0;0;139.101699006942
15.5895086871;"sapin";359;0;416.202566308585;FALSE;0;0;141.083081642432
0.158194017322048;"sapin";258.4;1;229.349592817137;FALSE;0;0;96.2481975679912
6.7069852740052;"sapin";139.1;0;109.90170044625;FALSE;0;0;161.957900602709
16.7169084115518;"sapin";195.4;0;242.299047328238;FALSE;0;0;119.846575815679
19.0415693305068;"sapin";132.6;2;114.908374676232;FALSE;0;0;131.078756794779
71.7025439810156;"sapin";194;2;152.206753224224;FALSE;0;0;93.1706964447267
14.1807199521234;"sapin";195.5;0;85.8910642348108;TRUE;0;0;120.432939011431
44.8173552194185;"sapin";175.1;4;177.956921037775;FALSE;0;5;130.619157454998
12.9610829470078;"sapin";440.5;4;339.395619339497;FALSE;0;1;127.706991463112
2.45718323931418;"sapin";154.8;0;124.237998928838;FALSE;0;0;130.629490206189
13.1978470727098;"sapin";174;0;182.262439624222;FALSE;0;0;125.575208755363
4.47238494985979;"sapin";248.4;0;249.808507999897;FALSE;0;0;112.41734591519
38.3755844007609;"sapin";252.2;1;243.1223266057;FALSE;0;0;84.0476801407769
8.93340704711209;"sapin";274.8;3;227.361300622498;TRUE;0;0;156.113376345313
7.25009895538868;"sapin";177;1;159.69627990428;FALSE;0;0;133.528023542136
250.30511815733;"sapin";195;1;214.047554244606;FALSE;0;0;140.525865571913
0.140694386274222;"sapin";272.3;4;219.635737153976;FALSE;0;0;139.226776149253
